Date,Sales,Type
2014-01-03,16.448,Historical
2014-01-04,288.06,Historical
2014-01-05,19.536,Historical
2014-01-06,4407.1,Historical
2014-01-07,87.15799999999999,Historical
2014-01-09,40.544,Historical
2014-01-10,54.83,Historical
2014-01-11,9.94,Historical
2014-01-13,3553.795,Historical
2014-01-14,61.96,Historical
2014-01-15,149.95,Historical
2014-01-16,299.964,Historical
2014-01-18,64.864,Historical
2014-01-19,378.594,Historical
2014-01-20,2673.87,Historical
2014-01-21,25.248,Historical
2014-01-23,46.019999999999996,Historical
2014-01-26,1097.25,Historical
2014-01-27,426.67,Historical
2014-01-28,3.928,Historical
2014-01-30,240.5,Historical
2014-01-31,290.666,Historical
2014-02-01,468.9,Historical
2014-02-02,211.64600000000002,Historical
2014-02-03,97.11200000000001,Historical
2014-02-04,134.38400000000001,Historical
2014-02-06,330.512,Historical
2014-02-07,180.32,Historical
2014-02-08,14.56,Historical
2014-02-11,2043.4,Historical
2014-02-12,129.568,Historical
2014-02-14,576.726,Historical
2014-02-15,21.36,Historical
2014-02-16,9.04,Historical
2014-02-17,54.208,Historical
2014-02-18,37.784,Historical
2014-02-20,95.59,Historical
2014-02-21,8.85,Historical
2014-02-22,19.44,Historical
2014-02-23,11.364,Historical
2014-02-24,55.672,Historical
2014-02-27,19.456,Historical
2014-03-01,2203.151,Historical
2014-03-02,202.384,Historical
2014-03-03,1345.8919999999998,Historical
2014-03-04,370.452,Historical
2014-03-05,705.562,Historical
2014-03-07,1561.062,Historical
2014-03-10,741.956,Historical
2014-03-11,918.314,Historical
2014-03-14,2108.55,Historical
2014-03-15,370.78200000000004,Historical
2014-03-16,471.92,Historical
2014-03-17,3960.358,Historical
2014-03-18,28106.716,Historical
2014-03-19,590.762,Historical
2014-03-21,4109.816,Historical
2014-03-22,464.09299999999996,Historical
2014-03-23,945.064,Historical
2014-03-24,65.38,Historical
2014-03-25,459.146,Historical
2014-03-26,145.13,Historical
2014-03-28,1823.8039999999999,Historical
2014-03-29,890.841,Historical
2014-03-30,1170.3220000000001,Historical
2014-03-31,1959.552,Historical
2014-04-01,119.88799999999999,Historical
2014-04-02,1458.558,Historical
2014-04-03,233.45,Historical
2014-04-04,475.844,Historical
2014-04-05,5295.098000000001,Historical
2014-04-06,1650.69,Historical
2014-04-07,1021.1700000000001,Historical
2014-04-08,1958.75,Historical
2014-04-11,1915.24,Historical
2014-04-12,1912.123,Historical
2014-04-13,638.576,Historical
2014-04-15,294.71999999999997,Historical
2014-04-16,39.072,Historical
2014-04-18,1020.532,Historical
2014-04-19,205.47,Historical
2014-04-20,1250.45,Historical
2014-04-21,845.36,Historical
2014-04-22,257.752,Historical
2014-04-23,643.98,Historical
2014-04-25,2379.9939999999997,Historical
2014-04-26,282.568,Historical
2014-04-28,2578.476,Historical
2014-04-29,768.8439999999999,Historical
2014-04-30,1048.74,Historical
2014-05-02,506.12,Historical
2014-05-03,72.632,Historical
2014-05-04,187.43200000000002,Historical
2014-05-05,260.977,Historical
2014-05-06,254.456,Historical
2014-05-07,1091.35,Historical
2014-05-08,1799.97,Historical
2014-05-09,394.48,Historical
2014-05-10,2343.799,Historical
2014-05-11,1642.802,Historical
2014-05-12,734.846,Historical
2014-05-13,898.382,Historical
2014-05-14,310.88,Historical
2014-05-16,289.28,Historical
2014-05-17,91.68,Historical
2014-05-18,948.9480000000001,Historical
2014-05-19,91.62,Historical
2014-05-20,320.10400000000004,Historical
2014-05-21,4264.3279999999995,Historical
2014-05-22,180.93,Historical
2014-05-23,323.75800000000004,Historical
2014-05-24,116.28,Historical
2014-05-25,119.53999999999999,Historical
2014-05-26,1325.718,Historical
2014-05-27,2157.394,Historical
2014-05-28,221.96800000000002,Historical
2014-05-30,1924.913,Historical
2014-05-31,773.7,Historical
2014-06-01,5188.5199999999995,Historical
2014-06-02,738.598,Historical
2014-06-03,741.336,Historical
2014-06-04,456.272,Historical
2014-06-06,1374.0010000000002,Historical
2014-06-07,281.397,Historical
2014-06-08,2501.264,Historical
2014-06-09,5463.008,Historical
2014-06-10,491.55,Historical
2014-06-13,14.52,Historical
2014-06-14,212.94,Historical
2014-06-15,942.9739999999999,Historical
2014-06-16,763.792,Historical
2014-06-17,3418.5020000000004,Historical
2014-06-18,139.8,Historical
2014-06-20,1828.9496,Historical
2014-06-21,4107.443,Historical
2014-06-22,1975.498,Historical
2014-06-23,109.49600000000001,Historical
2014-06-24,4.272,Historical
2014-06-25,792.76,Historical
2014-06-27,616.14,Historical
2014-06-28,1645.791,Historical
2014-06-29,46.68,Historical
2014-06-30,739.624,Historical
2014-07-01,601.0239999999999,Historical
2014-07-02,79.56,Historical
2014-07-04,247.40800000000002,Historical
2014-07-05,1444.104,Historical
2014-07-06,1038.472,Historical
2014-07-07,241.19400000000002,Historical
2014-07-08,763.0740000000001,Historical
2014-07-09,265.521,Historical
2014-07-11,2187.206,Historical
2014-07-12,1960.012,Historical
2014-07-13,351.216,Historical
2014-07-14,292.594,Historical
2014-07-15,9.51,Historical
2014-07-18,273.04,Historical
2014-07-19,461.326,Historical
2014-07-20,2285.786,Historical
2014-07-21,1961.482,Historical
2014-07-22,1348.344,Historical
2014-07-23,2613.1839999999997,Historical
2014-07-25,8341.289999999999,Historical
2014-07-26,5039.994,Historical
2014-07-27,580.06,Historical
2014-07-28,193.152,Historical
2014-07-30,1367.84,Historical
2014-08-01,228.328,Historical
2014-08-02,886.28,Historical
2014-08-03,477.994,Historical
2014-08-04,2743.154,Historical
2014-08-05,2408.7239999999997,Historical
2014-08-06,262.89,Historical
2014-08-08,3955.629,Historical
2014-08-09,3605.6850000000004,Historical
2014-08-11,451.62,Historical
2014-08-12,1832.38,Historical
2014-08-15,842.7819999999999,Historical
2014-08-16,853.092,Historical
2014-08-17,500.342,Historical
2014-08-19,1439.106,Historical
2014-08-20,1838.722,Historical
2014-08-22,23.104,Historical
2014-08-23,565.224,Historical
2014-08-24,59.74,Historical
2014-08-25,1451.6499999999999,Historical
2014-08-26,366.81,Historical
2014-08-27,2070.13,Historical
2014-08-29,832.3225,Historical
2014-08-30,121.24,Historical
2014-08-31,92.52,Historical
2014-09-01,469.436,Historical
2014-09-02,3254.15,Historical
2014-09-03,22.08,Historical
2014-09-05,296.304,Historical
2014-09-06,100.36,Historical
2014-09-07,3523.875,Historical
2014-09-08,14228.428,Historical
2014-09-09,4043.5879999999997,Historical
2014-09-10,1855.2279999999998,Historical
2014-09-11,127.95,Historical
2014-09-12,4904.66,Historical
2014-09-13,1275.408,Historical
2014-09-14,5023.716,Historical
2014-09-15,133.436,Historical
2014-09-16,33.552,Historical
2014-09-17,820.523,Historical
2014-09-19,9338.637,Historical
2014-09-20,5335.968000000001,Historical
2014-09-21,2679.652,Historical
2014-09-22,1240.266,Historical
2014-09-23,10662.337000000001,Historical
2014-09-24,211.96,Historical
2014-09-25,354.88880000000006,Historical
2014-09-26,1480.614,Historical
2014-09-27,773.4399999999999,Historical
2014-09-28,490.29200000000003,Historical
2014-09-29,8109.07,Historical
2014-09-30,987.532,Historical
2014-10-01,4.71,Historical
2014-10-02,598.144,Historical
2014-10-03,862.683,Historical
2014-10-04,728.7479999999999,Historical
2014-10-05,191.9,Historical
2014-10-06,494.71,Historical
2014-10-07,237.35999999999999,Historical
2014-10-08,147.392,Historical
2014-10-09,249.35999999999999,Historical
2014-10-10,2049.386,Historical
2014-10-11,1381.164,Historical
2014-10-12,58.53,Historical
2014-10-13,2212.182,Historical
2014-10-14,4525.484,Historical
2014-10-15,206.72400000000002,Historical
2014-10-16,194.322,Historical
2014-10-17,136.068,Historical
2014-10-18,3134.916,Historical
2014-10-19,641.104,Historical
2014-10-20,1501.104,Historical
2014-10-21,1356.602,Historical
2014-10-22,223.808,Historical
2014-10-24,56.49,Historical
2014-10-25,103.882,Historical
2014-10-26,447.88,Historical
2014-10-27,22.32,Historical
2014-10-28,1510.5819999999999,Historical
2014-10-29,2813.8120000000004,Historical
2014-10-31,5362.026,Historical
2014-11-01,4732.08,Historical
2014-11-02,2126.37,Historical
2014-11-03,2784.163,Historical
2014-11-04,6693.7480000000005,Historical
2014-11-05,1694.564,Historical
2014-11-06,43.68,Historical
2014-11-07,1449.142,Historical
2014-11-08,333.576,Historical
2014-11-09,1574.094,Historical
2014-11-10,2002.556,Historical
2014-11-11,8114.548,Historical
2014-11-12,1054.7612,Historical
2014-11-14,1034.73,Historical
2014-11-15,1780.822,Historical
2014-11-16,1355.9285,Historical
2014-11-17,11544.274,Historical
2014-11-18,3406.855,Historical
2014-11-19,7226.086,Historical
2014-11-20,907.5600000000001,Historical
2014-11-21,1249.622,Historical
2014-11-22,1103.298,Historical
2014-11-23,1363.28,Historical
2014-11-24,5578.606,Historical
2014-11-25,4415.695,Historical
2014-11-26,1705.99,Historical
2014-11-27,203.66,Historical
2014-11-28,2280.83,Historical
2014-11-29,649.044,Historical
2014-11-30,219.154,Historical
2014-12-01,5624.39,Historical
2014-12-02,1771.808,Historical
2014-12-03,505.88,Historical
2014-12-04,129.98,Historical
2014-12-05,2963.642,Historical
2014-12-06,1970.978,Historical
2014-12-07,548.4,Historical
2014-12-08,1095.12,Historical
2014-12-09,1522.652,Historical
2014-12-10,573.336,Historical
2014-12-12,4938.4045,Historical
2014-12-13,293.152,Historical
2014-12-14,7641.658,Historical
2014-12-15,1264.466,Historical
2014-12-16,4394.187,Historical
2014-12-17,45.534,Historical
2014-12-19,3436.7599999999998,Historical
2014-12-20,6962.4400000000005,Historical
2014-12-21,1933.44,Historical
2014-12-22,798.968,Historical
2014-12-23,942.108,Historical
2014-12-24,1950.202,Historical
2014-12-26,2041.414,Historical
2014-12-27,2966.388,Historical
2014-12-28,3732.2960000000003,Historical
2014-12-29,2072.096,Historical
2014-12-30,2172.6510000000003,Historical
2014-12-31,5253.2699999999995,Historical
2015-01-02,1932.096,Historical
2015-01-03,1768.2215999999999,Historical
2015-01-04,264.46000000000004,Historical
2015-01-05,295.272,Historical
2015-01-06,31.538,Historical
2015-01-09,364.07,Historical
2015-01-10,1018.104,Historical
2015-01-12,854.614,Historical
2015-01-13,622.278,Historical
2015-01-17,350.384,Historical
2015-01-19,301.742,Historical
2015-01-23,43.66,Historical
2015-01-24,13.12,Historical
2015-01-26,182.72,Historical
2015-01-27,3573.252,Historical
2015-01-28,4297.644,Historical
2015-01-30,2161.6400000000003,Historical
2015-01-31,99.26,Historical
2015-02-03,492.836,Historical
2015-02-06,2432.544,Historical
2015-02-07,324.10999999999996,Historical
2015-02-08,129.09199999999998,Historical
2015-02-09,785.5519999999999,Historical
2015-02-10,77.24,Historical
2015-02-14,1079.962,Historical
2015-02-15,1602.38,Historical
2015-02-16,160.43,Historical
2015-02-18,105.844,Historical
2015-02-20,316.78000000000003,Historical
2015-02-21,2591.1,Historical
2015-02-22,79.36,Historical
2015-02-23,37.775999999999996,Historical
2015-02-25,25.869999999999997,Historical
2015-02-27,1159.2710000000002,Historical
2015-02-28,551.264,Historical
2015-03-01,1642.1743999999999,Historical
2015-03-02,899.5699999999999,Historical
2015-03-05,1969.267,Historical
2015-03-06,1555.244,Historical
2015-03-07,807.54,Historical
2015-03-08,2563.2960000000003,Historical
2015-03-09,478.008,Historical
2015-03-10,90.93199999999999,Historical
2015-03-12,51.016000000000005,Historical
2015-03-13,1384.856,Historical
2015-03-14,707.9000000000001,Historical
2015-03-15,16.776,Historical
2015-03-16,7230.209999999999,Historical
2015-03-17,48.84,Historical
2015-03-19,5652.9396,Historical
2015-03-20,1548.194,Historical
2015-03-21,1270.3790000000001,Historical
2015-03-22,2481.424,Historical
2015-03-23,633.302,Historical
2015-03-24,412.95,Historical
2015-03-26,4623.37,Historical
2015-03-27,83.7,Historical
2015-03-28,243.344,Historical
2015-03-29,1559.0800000000002,Historical
2015-03-30,571.224,Historical
2015-03-31,200.716,Historical
2015-04-02,299.22,Historical
2015-04-04,1484.598,Historical
2015-04-05,2974.058,Historical
2015-04-06,140.004,Historical
2015-04-07,907.436,Historical
2015-04-09,757.992,Historical
2015-04-10,169.54199999999997,Historical
2015-04-11,1328.346,Historical
2015-04-12,40.74,Historical
2015-04-13,3192.6780000000003,Historical
2015-04-14,35.208,Historical
2015-04-16,4161.972,Historical
2015-04-17,2745.106,Historical
2015-04-18,2006.96,Historical
2015-04-19,329.96,Historical
2015-04-20,1194.726,Historical
2015-04-21,893.0899999999999,Historical
2015-04-22,152.916,Historical
2015-04-24,25.99,Historical
2015-04-25,920.946,Historical
2015-04-26,2090.1055,Historical
2015-04-27,2719.59,Historical
2015-04-28,4044.3619999999996,Historical
2015-04-29,7.968,Historical
2015-04-30,1571.695,Historical
2015-05-01,450.94,Historical
2015-05-02,167.232,Historical
2015-05-03,2198.76,Historical
2015-05-04,1121.362,Historical
2015-05-07,305.622,Historical
2015-05-08,3981.968,Historical
2015-05-09,48.81,Historical
2015-05-10,154.442,Historical
2015-05-11,191.968,Historical
2015-05-12,1060.35,Historical
2015-05-13,238.384,Historical
2015-05-14,3141.1994999999997,Historical
2015-05-15,69.908,Historical
2015-05-16,255.968,Historical
2015-05-17,134.46800000000002,Historical
2015-05-18,10.86,Historical
2015-05-20,169.54399999999998,Historical
2015-05-21,72.332,Historical
2015-05-22,3862.0980000000004,Historical
2015-05-23,1304.956,Historical
2015-05-24,610.3069999999999,Historical
2015-05-25,1739.4180000000001,Historical
2015-05-26,982.5640000000001,Historical
2015-05-28,794.146,Historical
2015-05-29,1204.842,Historical
2015-05-30,681.1,Historical
2015-05-31,5178.138,Historical
2015-06-01,834.1980000000001,Historical
2015-06-04,1192.31,Historical
2015-06-05,1533.1979999999999,Historical
2015-06-07,59.768,Historical
2015-06-08,1083.112,Historical
2015-06-09,797.116,Historical
2015-06-11,3373.5640000000003,Historical
2015-06-12,174.476,Historical
2015-06-13,1128.898,Historical
2015-06-14,51.072,Historical
2015-06-15,734.144,Historical
2015-06-16,3443.904,Historical
2015-06-18,1883.087,Historical
2015-06-19,446.346,Historical
2015-06-20,829.544,Historical
2015-06-21,107.976,Historical
2015-06-22,2018.953,Historical
2015-06-23,836.9580000000001,Historical
2015-06-25,857.08,Historical
2015-06-26,1592.1960000000001,Historical
2015-06-28,1386.466,Historical
2015-06-29,432.92600000000004,Historical
2015-07-02,1631.902,Historical
2015-07-03,823.982,Historical
2015-07-04,1138.288,Historical
2015-07-05,121.646,Historical
2015-07-06,1379.812,Historical
2015-07-08,21.12,Historical
2015-07-09,1587.114,Historical
2015-07-10,43.286,Historical
2015-07-11,1941.952,Historical
2015-07-12,2052.567,Historical
2015-07-13,2033.2559999999999,Historical
2015-07-14,860.9159999999999,Historical
2015-07-16,3029.386,Historical
2015-07-17,448.082,Historical
2015-07-18,672.418,Historical
2015-07-19,2.025,Historical
2015-07-20,2693.168,Historical
2015-07-23,208.272,Historical
2015-07-24,525.95,Historical
2015-07-25,2395.024,Historical
2015-07-26,969.225,Historical
2015-07-27,29.97,Historical
2015-07-30,443.802,Historical
2015-07-31,3712.162,Historical
2015-08-01,1011.696,Historical
2015-08-02,1290.478,Historical
2015-08-05,72.65,Historical
2015-08-06,494.86920000000003,Historical
2015-08-07,968.206,Historical
2015-08-08,840.102,Historical
2015-08-09,4878.392000000001,Historical
2015-08-10,851.4739999999999,Historical
2015-08-11,196.112,Historical
2015-08-13,586.896,Historical
2015-08-15,497.59000000000003,Historical
2015-08-16,3378.9320000000002,Historical
2015-08-17,381.64,Historical
2015-08-21,2827.52,Historical
2015-08-22,66.632,Historical
2015-08-23,1202.278,Historical
2015-08-24,7194.775000000001,Historical
2015-08-25,178.52599999999998,Historical
2015-08-27,639.9739999999999,Historical
2015-08-28,6491.293,Historical
2015-08-29,246.5,Historical
2015-08-31,2601.797,Historical
2015-09-01,2367.564,Historical
2015-09-03,1874.898,Historical
2015-09-04,1071.284,Historical
2015-09-05,934.1030000000001,Historical
2015-09-06,1005.654,Historical
2015-09-07,2922.667,Historical
2015-09-08,89.64,Historical
2015-09-10,1415.726,Historical
2015-09-11,1962.13,Historical
2015-09-12,707.824,Historical
2015-09-13,3445.772,Historical
2015-09-14,3262.42,Historical
2015-09-15,2535.85,Historical
2015-09-16,31.12,Historical
2015-09-17,11525.006,Historical
2015-09-18,3924.32,Historical
2015-09-19,500.38,Historical
2015-09-20,1836.052,Historical
2015-09-21,6982.058,Historical
2015-09-22,1783.504,Historical
2015-09-24,4220.594,Historical
2015-09-25,3033.757,Historical
2015-09-26,3722.273,Historical
2015-09-27,2382.958,Historical
2015-09-28,1058.364,Historical
2015-10-01,1158.414,Historical
2015-10-02,1269.266,Historical
2015-10-03,275.218,Historical
2015-10-04,505.58,Historical
2015-10-05,851.092,Historical
2015-10-08,222.12,Historical
2015-10-09,2133.5350000000003,Historical
2015-10-10,2248.194,Historical
2015-10-11,1011.8955,Historical
2015-10-12,2390.758,Historical
2015-10-13,371.65999999999997,Historical
2015-10-15,3219.554,Historical
2015-10-16,824.97,Historical
2015-10-17,77.88,Historical
2015-10-18,378.494,Historical
2015-10-19,2135.09,Historical
2015-10-20,720.086,Historical
2015-10-22,15.128,Historical
2015-10-23,2262.296,Historical
2015-10-24,831.145,Historical
2015-10-25,1425.412,Historical
2015-10-26,1395.333,Historical
2015-10-28,104.51,Historical
2015-10-29,244.24,Historical
2015-10-30,2122.044,Historical
2015-10-31,3211.009,Historical
2015-11-01,3106.1059999999998,Historical
2015-11-02,5528.551,Historical
2015-11-03,2800.846,Historical
2015-11-05,834.874,Historical
2015-11-06,11.481,Historical
2015-11-07,3073.073,Historical
2015-11-08,12196.997,Historical
2015-11-09,4620.2919999999995,Historical
2015-11-10,3536.904,Historical
2015-11-11,542.178,Historical
2015-11-12,1127.992,Historical
2015-11-13,3591.0771999999997,Historical
2015-11-14,2512.71,Historical
2015-11-15,702.17,Historical
2015-11-16,4072.334,Historical
2015-11-17,3885.986,Historical
2015-11-19,1040.784,Historical
2015-11-20,2861.15,Historical
2015-11-21,3613.5748,Historical
2015-11-22,614.499,Historical
2015-11-23,3450.1879999999996,Historical
2015-11-24,1218.7640000000001,Historical
2015-11-25,13.12,Historical
2015-11-26,1484.0819999999999,Historical
2015-11-27,3109.7835,Historical
2015-11-28,1864.482,Historical
2015-11-29,2760.168,Historical
2015-11-30,1798.3970000000002,Historical
2015-12-01,7130.594,Historical
2015-12-03,1972.645,Historical
2015-12-04,5185.814,Historical
2015-12-05,897.322,Historical
2015-12-06,6061.502,Historical
2015-12-07,1338.298,Historical
2015-12-08,2672.728,Historical
2015-12-09,34.02,Historical
2015-12-10,3080.38,Historical
2015-12-11,1590.894,Historical
2015-12-12,1448.854,Historical
2015-12-13,1023.386,Historical
2015-12-14,858.304,Historical
2015-12-15,5494.796,Historical
2015-12-16,4.98,Historical
2015-12-17,1918.492,Historical
2015-12-18,935.288,Historical
2015-12-19,6120.656,Historical
2015-12-20,1107.464,Historical
2015-12-21,3257.7599999999998,Historical
2015-12-22,473.313,Historical
2015-12-23,194.32,Historical
2015-12-24,7484.566000000001,Historical
2015-12-25,4204.968,Historical
2015-12-26,561.486,Historical
2015-12-27,5148.4472,Historical
2015-12-28,79.2,Historical
2015-12-29,6.36,Historical
2015-12-30,3251.34,Historical
2015-12-31,1381.344,Historical
2016-01-02,405.91999999999996,Historical
2016-01-03,2095.83,Historical
2016-01-04,1069.22,Historical
2016-01-05,255.904,Historical
2016-01-07,83.576,Historical
2016-01-08,1859.1580000000001,Historical
2016-01-09,743.0459999999999,Historical
2016-01-10,174.75,Historical
2016-01-11,149.444,Historical
2016-01-14,405.344,Historical
2016-01-15,701.923,Historical
2016-01-16,102.21799999999999,Historical
2016-01-17,1040.55,Historical
2016-01-21,1167.056,Historical
2016-01-22,917.63,Historical
2016-01-23,1732.3,Historical
2016-01-24,31.36,Historical
2016-01-25,858.712,Historical
2016-01-28,39.68,Historical
2016-01-30,3107.316,Historical
2016-01-31,1601.5539999999999,Historical
2016-02-01,161.97,Historical
2016-02-02,8996.784,Historical
2016-02-03,866.4,Historical
2016-02-04,197.868,Historical
2016-02-05,2994.476,Historical
2016-02-06,132.224,Historical
2016-02-07,762.142,Historical
2016-02-08,1369.476,Historical
2016-02-09,121.83,Historical
2016-02-11,69.93,Historical
2016-02-12,1366.04,Historical
2016-02-13,146.82,Historical
2016-02-14,837.921,Historical
2016-02-15,407.072,Historical
2016-02-16,1135.638,Historical
2016-02-19,392.65999999999997,Historical
2016-02-20,16.496,Historical
2016-02-21,1524.126,Historical
2016-02-22,983.17,Historical
2016-02-23,57.576,Historical
2016-02-25,46.72,Historical
2016-02-27,243.892,Historical
2016-02-28,36.48,Historical
2016-02-29,111.104,Historical
2016-03-01,6285.8060000000005,Historical
2016-03-03,7264.422,Historical
2016-03-04,315.45,Historical
2016-03-05,162.344,Historical
2016-03-06,811.303,Historical
2016-03-07,21.072,Historical
2016-03-08,2190.81,Historical
2016-03-09,635.6,Historical
2016-03-10,7879.734,Historical
2016-03-11,896.0219999999999,Historical
2016-03-12,1694.6419999999998,Historical
2016-03-13,8866.882,Historical
2016-03-14,669.3679999999999,Historical
2016-03-15,2356.808,Historical
2016-03-17,2360.3340000000003,Historical
2016-03-18,1061.682,Historical
2016-03-19,138.68,Historical
2016-03-20,928.311,Historical
2016-03-21,645.7059999999999,Historical
2016-03-22,226.46800000000002,Historical
2016-03-24,745.774,Historical
2016-03-25,1346.97,Historical
2016-03-26,682.246,Historical
2016-03-27,92.69999999999999,Historical
2016-03-28,125.30000000000001,Historical
2016-03-29,2659.339,Historical
2016-03-30,11.34,Historical
2016-03-31,640.762,Historical
2016-04-01,2161.48,Historical
2016-04-02,1454.9,Historical
2016-04-03,441.198,Historical
2016-04-04,970.194,Historical
2016-04-05,1046.3339999999998,Historical
2016-04-06,1294.75,Historical
2016-04-07,1970.574,Historical
2016-04-08,2906.404,Historical
2016-04-09,1115.197,Historical
2016-04-10,950.594,Historical
2016-04-12,1542.53,Historical
2016-04-13,6.12,Historical
2016-04-14,1466.572,Historical
2016-04-15,2201.8559999999998,Historical
2016-04-16,9335.086000000001,Historical
2016-04-17,421.08500000000004,Historical
2016-04-18,2514.538,Historical
2016-04-19,1414.132,Historical
2016-04-21,271.616,Historical
2016-04-22,1765.4650000000001,Historical
2016-04-23,720.368,Historical
2016-04-24,1607.1,Historical
2016-04-25,108.42,Historical
2016-04-26,434.646,Historical
2016-04-28,486.672,Historical
2016-04-30,142.208,Historical
2016-05-01,517.866,Historical
2016-05-02,1098.136,Historical
2016-05-03,1099.013,Historical
2016-05-05,2701.28,Historical
2016-05-06,236.96,Historical
2016-05-07,4835.976,Historical
2016-05-08,1340.2440000000001,Historical
2016-05-09,1283.512,Historical
2016-05-10,763.0200000000001,Historical
2016-05-11,5.98,Historical
2016-05-12,918.878,Historical
2016-05-14,455.93,Historical
2016-05-15,648.9119999999999,Historical
2016-05-16,880.4599999999999,Historical
2016-05-17,346.922,Historical
2016-05-18,122.22,Historical
2016-05-19,1582.008,Historical
2016-05-20,2471.913,Historical
2016-05-21,2718.2140000000004,Historical
2016-05-22,1799.2,Historical
2016-05-23,10560.978000000001,Historical
2016-05-24,277.756,Historical
2016-05-25,1311.97,Historical
2016-05-26,1975.356,Historical
2016-05-27,5305.078,Historical
2016-05-28,2137.324,Historical
2016-05-29,1063.185,Historical
2016-05-30,8090.578,Historical
2016-05-31,438.85900000000004,Historical
2016-06-02,157.844,Historical
2016-06-03,71.088,Historical
2016-06-04,2316.5229999999997,Historical
2016-06-05,659.82,Historical
2016-06-06,6026.312,Historical
2016-06-07,51.562,Historical
2016-06-09,1688.4720000000002,Historical
2016-06-10,1412.3960000000002,Historical
2016-06-11,1623.416,Historical
2016-06-12,2962.563,Historical
2016-06-13,430.43800000000005,Historical
2016-06-14,3457.099,Historical
2016-06-15,173.488,Historical
2016-06-16,147.27499999999998,Historical
2016-06-17,3000.92,Historical
2016-06-18,541.938,Historical
2016-06-19,17.12,Historical
2016-06-20,1229.548,Historical
2016-06-21,577.108,Historical
2016-06-23,2475.094,Historical
2016-06-24,5310.952,Historical
2016-06-25,893.266,Historical
2016-06-26,1919.6000000000001,Historical
2016-06-27,778.7059999999999,Historical
2016-06-28,877.156,Historical
2016-06-29,191.88,Historical
2016-06-30,1352.9499999999998,Historical
2016-07-01,1724.376,Historical
2016-07-02,772.786,Historical
2016-07-03,847.6999999999999,Historical
2016-07-04,1651.301,Historical
2016-07-07,3882.2309999999998,Historical
2016-07-08,2616.512,Historical
2016-07-09,573.286,Historical
2016-07-10,895.895,Historical
2016-07-12,95.76,Historical
2016-07-14,2149.96,Historical
2016-07-15,380.2,Historical
2016-07-16,910.17,Historical
2016-07-17,2184.88,Historical
2016-07-18,2891.858,Historical
2016-07-19,1536.454,Historical
2016-07-20,89.95,Historical
2016-07-21,991.095,Historical
2016-07-22,1368.048,Historical
2016-07-23,654.587,Historical
2016-07-24,326.964,Historical
2016-07-25,5920.488,Historical
2016-07-28,2033.374,Historical
2016-07-29,819.154,Historical
2016-07-30,1770.7759999999998,Historical
2016-07-31,2174.1580000000004,Historical
2016-08-01,1124.648,Historical
2016-08-02,482.584,Historical
2016-08-03,248.82,Historical
2016-08-04,497.90999999999997,Historical
2016-08-05,197.05,Historical
2016-08-06,320.38800000000003,Historical
2016-08-07,179.97,Historical
2016-08-08,1115.204,Historical
2016-08-09,661.3539999999999,Historical
2016-08-11,151.82,Historical
2016-08-12,3951.9605,Historical
2016-08-13,731.524,Historical
2016-08-14,923.688,Historical
2016-08-15,1680.2659999999998,Historical
2016-08-16,204.54000000000002,Historical
2016-08-17,15.712,Historical
2016-08-18,496.114,Historical
2016-08-19,448.792,Historical
2016-08-20,14.78,Historical
2016-08-21,4798.2919999999995,Historical
2016-08-22,405.35,Historical
2016-08-23,4187.348,Historical
2016-08-26,4874.298,Historical
2016-08-27,767.9110000000001,Historical
2016-08-28,322.0248,Historical
2016-08-29,632.188,Historical
2016-08-30,1656.8700000000001,Historical
2016-08-31,23.968,Historical
2016-09-01,5766.152,Historical
2016-09-02,6792.193,Historical
2016-09-03,2365.596,Historical
2016-09-04,4532.0419999999995,Historical
2016-09-05,5226.348,Historical
2016-09-06,1313.536,Historical
2016-09-08,4493.9836000000005,Historical
2016-09-09,84.992,Historical
2016-09-10,2094.324,Historical
2016-09-11,6501.586,Historical
2016-09-12,2043.792,Historical
2016-09-13,2374.73,Historical
2016-09-14,1137.338,Historical
2016-09-15,2101.1820000000002,Historical
2016-09-16,425.88599999999997,Historical
2016-09-17,2043.126,Historical
2016-09-18,4751.082,Historical
2016-09-19,3839.312,Historical
2016-09-20,1232.004,Historical
2016-09-22,615.57,Historical
2016-09-23,1322.145,Historical
2016-09-24,2286.05,Historical
2016-09-25,3443.091,Historical
2016-09-26,2698.1665,Historical
2016-09-27,1992.9858,Historical
2016-09-28,99.136,Historical
2016-09-29,1307.792,Historical
2016-09-30,525.884,Historical
2016-10-01,781.414,Historical
2016-10-02,18452.972,Historical
2016-10-03,1680.696,Historical
2016-10-04,5912.782,Historical
2016-10-06,830.4000000000001,Historical
2016-10-07,973.712,Historical
2016-10-08,561.5360000000001,Historical
2016-10-09,546.92,Historical
2016-10-10,282.75300000000004,Historical
2016-10-11,33.064,Historical
2016-10-13,1650.618,Historical
2016-10-14,3335.888,Historical
2016-10-15,1620.15,Historical
2016-10-16,142.182,Historical
2016-10-17,2953.346,Historical
2016-10-18,307.92,Historical
2016-10-20,946.174,Historical
2016-10-21,7951.592,Historical
2016-10-22,188.28,Historical
2016-10-23,467.42199999999997,Historical
2016-10-24,1365.498,Historical
2016-10-25,783.96,Historical
2016-10-27,978.7900000000001,Historical
2016-10-28,2899.0209999999997,Historical
2016-10-29,131.154,Historical
2016-10-30,159.002,Historical
2016-10-31,3750.4990000000003,Historical
2016-11-01,453.374,Historical
2016-11-03,3802.7960000000003,Historical
2016-11-04,3888.8179999999998,Historical
2016-11-05,4266.8988,Historical
2016-11-06,773.2560000000001,Historical
2016-11-07,3810.464,Historical
2016-11-08,993.9000000000001,Historical
2016-11-09,479.97,Historical
2016-11-10,4723.478,Historical
2016-11-11,4944.296,Historical
2016-11-12,4914.938,Historical
2016-11-13,2945.138,Historical
2016-11-14,2774.0620000000004,Historical
2016-11-15,2145.718,Historical
2016-11-16,36.72,Historical
2016-11-17,142.684,Historical
2016-11-18,3958.9320000000002,Historical
2016-11-19,638.462,Historical
2016-11-20,3070.333,Historical
2016-11-21,1176.891,Historical
2016-11-22,317.044,Historical
2016-11-23,100.61599999999999,Historical
2016-11-24,6394.5380000000005,Historical
2016-11-25,7978.551,Historical
2016-11-26,8329.743,Historical
2016-11-27,1651.239,Historical
2016-11-28,3428.372,Historical
2016-11-29,300.592,Historical
2016-11-30,970.142,Historical
2016-12-01,7365.455,Historical
2016-12-02,4684.616,Historical
2016-12-03,5269.816,Historical
2016-12-04,944.2860000000001,Historical
2016-12-05,5267.004,Historical
2016-12-06,3878.276,Historical
2016-12-08,4709.095,Historical
2016-12-09,1855.483,Historical
2016-12-10,3459.71,Historical
2016-12-11,6102.25,Historical
2016-12-12,1981.115,Historical
2016-12-13,1194.088,Historical
2016-12-14,828.654,Historical
2016-12-15,2637.087,Historical
2016-12-16,628.5419999999999,Historical
2016-12-17,12185.134,Historical
2016-12-18,7051.35,Historical
2016-12-19,815.1120000000001,Historical
2016-12-20,134.54,Historical
2016-12-22,1043.128,Historical
2016-12-23,6965.857,Historical
2016-12-24,1938.26,Historical
2016-12-25,10488.055,Historical
2016-12-26,1829.418,Historical
2016-12-27,959.49,Historical
2016-12-29,1277.68,Historical
2016-12-30,773.774,Historical
2016-12-31,731.768,Historical
2017-01-01,1481.8280000000002,Historical
2017-01-02,2079.554,Historical
2017-01-03,2070.272,Historical
2017-01-06,33.74,Historical
2017-01-07,3395.59,Historical
2017-01-08,892.98,Historical
2017-01-09,274.491,Historical
2017-01-12,848.52,Historical
2017-01-13,4619.33,Historical
2017-01-14,1056.038,Historical
2017-01-15,2140.28,Historical
2017-01-16,6230.2919999999995,Historical
2017-01-19,2013.715,Historical
2017-01-20,767.838,Historical
2017-01-21,2546.643,Historical
2017-01-22,4212.372,Historical
2017-01-23,450.334,Historical
2017-01-24,418.66599999999994,Historical
2017-01-26,3055.2799999999997,Historical
2017-01-27,331.914,Historical
2017-01-28,1007.52,Historical
2017-01-29,294.842,Historical
2017-01-30,3749.335,Historical
2017-02-02,913.354,Historical
2017-02-03,922.327,Historical
2017-02-04,32.67,Historical
2017-02-05,2263.012,Historical
2017-02-06,904.354,Historical
2017-02-09,773.7639999999999,Historical
2017-02-10,227.103,Historical
2017-02-11,1241.516,Historical
2017-02-13,1058.43,Historical
2017-02-16,1337.442,Historical
2017-02-17,2964.8174,Historical
2017-02-18,287.326,Historical
2017-02-19,1314.59,Historical
2017-02-20,1150.29,Historical
2017-02-21,47.904,Historical
2017-02-23,117.79999999999998,Historical
2017-02-24,1448.676,Historical
2017-02-25,430.49199999999996,Historical
2017-02-26,2847.6459999999997,Historical
2017-02-28,17.62,Historical
2017-03-02,1450.126,Historical
2017-03-03,2000.1039999999998,Historical
2017-03-04,228.822,Historical
2017-03-05,1240.02,Historical
2017-03-06,778.236,Historical
2017-03-07,166.59,Historical
2017-03-08,843.1,Historical
2017-03-09,710.804,Historical
2017-03-10,1252.952,Historical
2017-03-11,1973.708,Historical
2017-03-12,353.28,Historical
2017-03-13,4791.35,Historical
2017-03-14,49.616,Historical
2017-03-16,2014.381,Historical
2017-03-17,542.746,Historical
2017-03-18,1027.758,Historical
2017-03-19,2166.248,Historical
2017-03-20,899.568,Historical
2017-03-21,3332.636,Historical
2017-03-23,14816.068,Historical
2017-03-24,1257.298,Historical
2017-03-25,3567.026,Historical
2017-03-26,3252.88,Historical
2017-03-27,2933.516,Historical
2017-03-28,1504.702,Historical
2017-03-29,81.4,Historical
2017-03-30,656.407,Historical
2017-03-31,4981.010799999999,Historical
2017-04-01,5972.988,Historical
2017-04-02,822.97,Historical
2017-04-03,32.528,Historical
2017-04-04,808.47,Historical
2017-04-06,114.41999999999999,Historical
2017-04-07,1971.2905,Historical
2017-04-08,6401.93,Historical
2017-04-09,1626.71,Historical
2017-04-10,755.529,Historical
2017-04-11,319.806,Historical
2017-04-12,69.66,Historical
2017-04-13,1345.8239999999998,Historical
2017-04-14,652.93,Historical
2017-04-15,332.338,Historical
2017-04-16,944.429,Historical
2017-04-17,3431.4590000000003,Historical
2017-04-20,2033.24,Historical
2017-04-21,1254.564,Historical
2017-04-22,947.692,Historical
2017-04-23,1199.222,Historical
2017-04-24,928.558,Historical
2017-04-25,678.113,Historical
2017-04-26,61.608000000000004,Historical
2017-04-27,576.5756,Historical
2017-04-28,795.296,Historical
2017-04-29,1053.26,Historical
2017-04-30,1390.1260000000002,Historical
2017-05-01,4108.37,Historical
2017-05-02,399.11,Historical
2017-05-03,1386.346,Historical
2017-05-04,1389.4050000000002,Historical
2017-05-05,185.123,Historical
2017-05-06,3183.3698,Historical
2017-05-07,2549.468,Historical
2017-05-08,3658.5540000000005,Historical
2017-05-09,1078.222,Historical
2017-05-11,449.469,Historical
2017-05-12,970.384,Historical
2017-05-13,3066.378,Historical
2017-05-14,4182.062,Historical
2017-05-15,421.264,Historical
2017-05-16,221.024,Historical
2017-05-18,1830.508,Historical
2017-05-19,4919.182,Historical
2017-05-20,2997.578,Historical
2017-05-21,538.02,Historical
2017-05-22,336.56199999999995,Historical
2017-05-23,241.436,Historical
2017-05-25,886.026,Historical
2017-05-26,270.24,Historical
2017-05-27,2084.908,Historical
2017-05-28,1480.103,Historical
2017-05-29,691.108,Historical
2017-05-30,736.8904,Historical
2017-06-01,5058.362,Historical
2017-06-02,135.70600000000002,Historical
2017-06-03,2952.036,Historical
2017-06-04,279.414,Historical
2017-06-05,491.11199999999997,Historical
2017-06-06,31.349999999999998,Historical
2017-06-08,2227.038,Historical
2017-06-09,939.1329999999999,Historical
2017-06-10,2513.3430000000003,Historical
2017-06-11,1580.894,Historical
2017-06-12,1679.968,Historical
2017-06-13,1156.018,Historical
2017-06-15,4057.51,Historical
2017-06-16,2724.194,Historical
2017-06-17,3896.672,Historical
2017-06-18,1031.1555,Historical
2017-06-19,2115.941,Historical
2017-06-20,1028.228,Historical
2017-06-21,595.656,Historical
2017-06-22,579.019,Historical
2017-06-24,1287.614,Historical
2017-06-25,1508.3519999999999,Historical
2017-06-26,4224.136,Historical
2017-06-27,1644.906,Historical
2017-06-29,4521.9912,Historical
2017-06-30,4721.977,Historical
2017-07-01,639.83,Historical
2017-07-02,169.192,Historical
2017-07-03,6963.4039999999995,Historical
2017-07-05,476.35400000000004,Historical
2017-07-06,380.37800000000004,Historical
2017-07-07,1620.25,Historical
2017-07-08,1980.2640000000001,Historical
2017-07-09,1671.214,Historical
2017-07-10,359.21399999999994,Historical
2017-07-11,1728.892,Historical
2017-07-12,3.816,Historical
2017-07-13,504.542,Historical
2017-07-14,3598.9339999999997,Historical
2017-07-15,2132.229,Historical
2017-07-16,316.636,Historical
2017-07-17,2191.873,Historical
2017-07-18,2106.794,Historical
2017-07-20,2283.208,Historical
2017-07-21,3685.944,Historical
2017-07-22,556.3140000000001,Historical
2017-07-23,898.188,Historical
2017-07-24,2399.96,Historical
2017-07-25,798.742,Historical
2017-07-26,2012.3020000000001,Historical
2017-07-27,1142.68,Historical
2017-07-28,1170.5639999999999,Historical
2017-07-29,1391.294,Historical
2017-07-30,523.376,Historical
2017-07-31,1558.028,Historical
2017-08-01,2085.65,Historical
2017-08-03,531.348,Historical
2017-08-04,20.07,Historical
2017-08-05,503.676,Historical
2017-08-06,1424.026,Historical
2017-08-07,3479.624,Historical
2017-08-10,1823.0700000000002,Historical
2017-08-11,708.726,Historical
2017-08-12,3693.084,Historical
2017-08-13,2643.164,Historical
2017-08-14,440.736,Historical
2017-08-15,1949.872,Historical
2017-08-16,80.564,Historical
2017-08-17,9517.287999999999,Historical
2017-08-18,7078.4839999999995,Historical
2017-08-19,512.446,Historical
2017-08-20,692.95,Historical
2017-08-21,8551.054,Historical
2017-08-22,524.54,Historical
2017-08-23,4590.344,Historical
2017-08-24,685.0560000000002,Historical
2017-08-25,361.988,Historical
2017-08-26,190.66,Historical
2017-08-27,6190.538,Historical
2017-08-28,1443.6319999999998,Historical
2017-08-29,235.46800000000002,Historical
2017-08-31,3162.83,Historical
2017-09-01,1261.81,Historical
2017-09-02,9354.854,Historical
2017-09-03,1595.849,Historical
2017-09-04,5360.202,Historical
2017-09-05,327.044,Historical
2017-09-07,3848.565,Historical
2017-09-08,2184.327,Historical
2017-09-09,4356.061,Historical
2017-09-10,2506.646,Historical
2017-09-11,5564.006,Historical
2017-09-12,491.54999999999995,Historical
2017-09-13,15.92,Historical
2017-09-14,4367.347,Historical
2017-09-15,7285.026,Historical
2017-09-16,849.65,Historical
2017-09-17,4979.226,Historical
2017-09-18,1511.93,Historical
2017-09-19,1648.188,Historical
2017-09-20,7359.918,Historical
2017-09-21,338.172,Historical
2017-09-22,7871.213,Historical
2017-09-23,2395.786,Historical
2017-09-24,6450.4619999999995,Historical
2017-09-25,1412.213,Historical
2017-09-26,1486.576,Historical
2017-09-28,559.271,Historical
2017-09-29,1944.08,Historical
2017-09-30,540.76,Historical
2017-10-01,2978.466,Historical
2017-10-02,5418.022,Historical
2017-10-03,2504.48,Historical
2017-10-04,19.98,Historical
2017-10-05,6684.616,Historical
2017-10-06,1499.652,Historical
2017-10-07,2749.21,Historical
2017-10-08,608.356,Historical
2017-10-09,1496.589,Historical
2017-10-10,239.358,Historical
2017-10-12,5635.354,Historical
2017-10-13,8405.802,Historical
2017-10-14,134.332,Historical
2017-10-15,1017.94,Historical
2017-10-16,3473.5969999999998,Historical
2017-10-17,126.352,Historical
2017-10-19,2781.8702000000003,Historical
2017-10-20,1333.858,Historical
2017-10-21,4537.201,Historical
2017-10-22,15158.877,Historical
2017-10-23,3352.3940000000002,Historical
2017-10-24,529.0849999999999,Historical
2017-10-26,999.868,Historical
2017-10-27,1086.32,Historical
2017-10-28,408.726,Historical
2017-10-29,46.96,Historical
2017-10-30,4025.7299999999996,Historical
2017-10-31,523.928,Historical
2017-11-01,2921.43,Historical
2017-11-02,6294.386,Historical
2017-11-03,4536.937,Historical
2017-11-04,10668.096,Historical
2017-11-05,2355.064,Historical
2017-11-06,4288.75,Historical
2017-11-07,2413.378,Historical
2017-11-08,384.1,Historical
2017-11-09,4751.492,Historical
2017-11-10,4007.5480000000002,Historical
2017-11-11,1815.2179999999998,Historical
2017-11-12,2911.386,Historical
2017-11-13,6633.4202000000005,Historical
2017-11-14,834.6579999999999,Historical
2017-11-15,559.2,Historical
2017-11-16,4755.234,Historical
2017-11-17,13694.8828,Historical
2017-11-18,1469.756,Historical
2017-11-19,7397.272,Historical
2017-11-20,2988.274,Historical
2017-11-21,2236.1839999999997,Historical
2017-11-22,35.712,Historical
2017-11-23,1153.109,Historical
2017-11-24,4959.641,Historical
2017-11-25,3666.157,Historical
2017-11-26,5048.1720000000005,Historical
2017-11-27,1618.254,Historical
2017-11-28,6912.944,Historical
2017-11-29,491.888,Historical
2017-11-30,6645.282,Historical
2017-12-01,5331.178,Historical
2017-12-02,9951.182,Historical
2017-12-03,1403.842,Historical
2017-12-04,2639.638,Historical
2017-12-05,1453.136,Historical
2017-12-06,10.68,Historical
2017-12-07,2916.514,Historical
2017-12-08,7643.041,Historical
2017-12-09,5470.39,Historical
2017-12-10,3873.5589999999997,Historical
2017-12-11,2823.965,Historical
2017-12-13,580.936,Historical
2017-12-14,3897.714,Historical
2017-12-15,306.88800000000003,Historical
2017-12-16,858.702,Historical
2017-12-17,2027.758,Historical
2017-12-18,3645.911,Historical
2017-12-19,1895.926,Historical
2017-12-20,377.736,Historical
2017-12-21,2140.94,Historical
2017-12-22,7442.021,Historical
2017-12-23,1926.776,Historical
2017-12-24,6233.054,Historical
2017-12-25,2698.927,Historical
2017-12-26,814.5939999999999,Historical
2017-12-27,177.636,Historical
2017-12-28,1657.3508000000002,Historical
2017-12-29,2915.534,Historical
2017-12-30,713.7900000000001,Historical
2017-12-31,536.2078359686598,Forecast
2018-01-01,1863.9102148152724,Forecast
2018-01-02,518.4601908169966,Forecast
2018-01-03,2855.6403038352255,Forecast
2018-01-04,5194.594126730316,Forecast
2018-01-05,2401.2004931898655,Forecast
2018-01-06,19.156066670100582,Forecast
2018-01-07,6408.9564444455,Forecast
2018-01-08,1437.8094941916756,Forecast
2018-01-09,2635.8383408462073,Forecast
2018-01-10,583.2686734312167,Forecast
2018-01-11,1434.872805892851,Forecast
2018-01-12,229.48737767877554,Forecast
2018-01-13,5402.963810491392,Forecast
2018-01-14,8059.164340723965,Forecast
2018-01-15,128.7924298262238,Forecast
2018-01-16,975.9622875957051,Forecast
2018-01-17,3330.3531389920604,Forecast
2018-01-18,121.14150830333078,Forecast
2018-01-19,2667.1517026409433,Forecast
2018-01-20,1278.8524913136648,Forecast
2018-01-21,4350.096338921273,Forecast
2018-01-22,14533.756679472188,Forecast
2018-01-23,3214.148296718978,Forecast
2018-01-24,507.2666433508591,Forecast
2018-01-25,958.6355390040106,Forecast
2018-01-26,1041.522439692876,Forecast
2018-01-27,391.870996286463,Forecast
2018-01-28,45.023468009405576,Forecast
2018-01-29,3859.7173311223232,Forecast
2018-01-30,502.3223072238468,Forecast
2018-01-31,2800.9563489505476,Forecast
2018-02-01,6034.818711879267,Forecast
2018-02-02,4349.843225728035,Forecast
2018-02-03,10228.166077028696,Forecast
2018-02-04,2257.9460959136013,Forecast
2018-02-05,4111.890937507201,Forecast
2018-02-06,2313.855348756457,Forecast
2018-02-07,368.26052092020194,Forecast
2018-02-08,4555.550427149628,Forecast
2018-02-09,3842.2851187001133,Forecast
2018-02-10,1740.3622136519837,Forecast
2018-02-11,2791.326542462335,Forecast
2018-02-12,6359.87185195155,Forecast
2018-02-13,800.2384531898304,Forecast
2018-02-14,536.1397638598722,Forecast
2018-02-15,4559.138114911366,Forecast
2018-02-16,13130.134532333019,Forecast
2018-02-17,1409.1463425815994,Forecast
2018-02-18,7092.224004447861,Forecast
2018-02-19,2865.0438424688764,Forecast
2018-02-20,2143.9684579885984,Forecast
2018-02-21,34.239311958089694,Forecast
2018-02-22,1105.5572012959465,Forecast
2018-02-23,4755.115798586803,Forecast
2018-02-24,3514.9723681209184,Forecast
2018-02-25,4839.995965672423,Forecast
2018-02-26,1551.5205962541015,Forecast
2018-02-27,6627.8686762098005,Forecast
2018-02-28,471.60356968080254,Forecast
2018-03-01,6371.244496177144,Forecast
2018-03-02,5111.331391299975,Forecast
2018-03-03,9540.816108023268,Forecast
2018-03-04,1345.9504978121795,Forecast
2018-03-05,2530.784860507055,Forecast
2018-03-06,1393.2117165527168,Forecast
2018-03-07,10.239579181014726,Forecast
2018-03-08,2796.243074488575,Forecast
2018-03-09,7327.858005921533,Forecast
2018-03-10,5244.802580152729,Forecast
2018-03-11,3713.8215442726796,Forecast
2018-03-12,2707.5106013028326,Forecast
2018-03-13,556.9794167698475,Forecast
2018-03-14,3736.980442691913,Forecast
2018-03-15,294.23258199468614,Forecast
2018-03-16,823.290929016452,Forecast
2018-03-17,1944.137509450942,Forecast
2018-03-18,3495.561270733388,Forecast
2018-03-19,1817.7419848637194,Forecast
2018-03-20,362.1589589437995,Forecast
2018-03-21,2052.6521209552125,Forecast
2018-03-22,7135.127649463894,Forecast
2018-03-23,1847.3197955129992,Forecast
2018-03-24,5976.015915031889,Forecast
2018-03-25,2587.6289063931213,Forecast
2018-03-26,781.0018505036993,Forecast
2018-03-27,170.31066361411348,Forecast
2018-03-28,1589.0051261533804,Forecast
2018-03-29,2795.3034876348866,Forecast
2018-03-30,684.3547962187737,Forecast
